{"val_loss": 0.5305537581443787, "val_f1": 0.08153035491704941, "epoch": 0, "trainer/global_step": 32, "_runtime": 190, "_timestamp": 1629485506, "_step": 0}