{"lr-Adam": 0.01, "trainer/global_step": 209, "_runtime": 2050, "_timestamp": 1631201611, "_step": 47, "train_loss": 0.7310622334480286, "train_f1": 0.08695653080940247, "mu ": 0.5009763240814209, "epoch": 5, "val_loss": 1.4931771755218506, "val_f1": 0.12002332508563995}