{"lr-Adam": 1.577753820348455e-07, "trainer/global_step": 1009, "_runtime": 7035, "_timestamp": 1631145122, "_step": 232, "train_loss": 1.164726972579956, "train_f1": 0.7222222685813904, "mu ": 0.33908939361572266, "epoch": 31, "val_loss": 0.8763168454170227, "val_f1": 0.28304824233055115}