{"lr-Adam": 1.9158123138056613e-06, "trainer/global_step": 849, "_runtime": 5550, "_timestamp": 1631179251, "_step": 194, "train_loss": 0.4726181924343109, "train_f1": 0.5714285969734192, "mu ": 0.3335304260253906, "epoch": 24, "val_loss": 1.0726135969161987, "val_f1": 0.3371870517730713}